{
  "mean_error": 0.34862491496135223,
  "std_error": 0.10625894497402376,
  "threshold": 0.5611428049093997
}