{
  "mean_error": 3947.8459239946906,
  "std_error": 0.025766558298386845,
  "threshold": 3947.897457111287
}